Miles,Kilometers
1,1.60934
2,3.21868
3,4.82802
4,6.43736
5,8.0467
6,9.65604
7,11.26538
8,12.87472
9,14.48406
10,16.0934
11,17.70274
12,19.31208
13,20.92142
14,22.53076
15,24.1401
16,25.74944
17,27.35878
18,28.96812
19,30.57746
20,32.1868
21,33.79614
22,35.40548
23,37.01482
24,38.62416
25,40.2335
26,41.84284
27,43.45218
28,45.06152
29,46.67086
30,48.2802
31,49.88954
32,51.49888
33,53.10822
34,54.71756
35,56.3269
36,57.93624
37,59.54558
38,61.15492
39,62.76426
40,64.3736
41,65.98294
42,67.59228
43,69.20162
44,70.81096
45,72.4203
46,74.02964
47,75.63898
48,77.24832
49,78.85766
50,80.467
51,82.07634
52,83.68568
53,85.29502
54,86.90436
55,88.5137
56,90.12304
57,91.73238
58,93.34172
59,94.95106
60,96.5604
61,98.16974
62,99.77908
63,101.38842
64,102.99776
65,104.6071
66,106.21644
67,107.82578
68,109.43512
69,111.04446
70,112.6538
71,114.26313999999999
72,115.87248
73,117.48182
74,119.09116
75,120.7005
76,122.30984
77,123.91918
78,125.52852
79,127.13786
80,128.7472
81,130.35654
82,131.96588
83,133.57522
84,135.18456
85,136.7939
86,138.40324
87,140.01257999999999
88,141.62192
89,143.23126
90,144.8406
91,146.44994
92,148.05928
93,149.66862
94,151.27796
95,152.8873
96,154.49664
97,156.10598
98,157.71532
99,159.32466
100,160.934
